Source,Sum Sq,Mean Sq,DF,F-Statistic,P-Value,Partial Eta Squared,Conclusion
Intercept,1187.254795,1187.254795,1,406.9600544,8.23166677e-27,0.8828531898,Significant
C(FactorA),1732.192944,866.096472,2,296.875337,7.355613986e-30,0.9166345908,Significant
C(FactorB),31.81657775,31.81657775,1,10.90589507,0.001704422193,0.1680262641,Significant
C(FactorA):C(FactorB),29.83428009,14.91714004,2,5.113207501,0.009254695268,0.1592244406,Significant
Residual,157.538211,2.917374278,54,,,,Unexplained
