Information,Measure,P-Value
const,2.242070929,0.0
X1,2.887950119,0.0
X2,1.485250961,0.0
R-squared,0.9363767825,
Adjusted R-squared,0.9350649636,
F-statistic,713.8003346,0.0
No. Observations,100,
