Term,Coefficient,Std Error,P-Value,CI Lower,CI Upper
Intercept,10.89612222,0.540127233,8.23166677e-27,9.813232322,11.97901212
C(FactorA)[T.A2],8.660190647,0.7638552583,6.679769681e-16,7.128753062,10.19162823
C(FactorA)[T.A3],18.59823343,0.7638552583,8.61941234e-31,17.06679585,20.12967102
C(FactorB)[T.B2],2.522561307,0.7638552583,0.001704422193,0.9911237221,4.053998893
C(FactorA)[T.A2]:C(FactorB)[T.B2],2.30091249,1.080254466,0.03774728687,0.1351326865,4.466692293
C(FactorA)[T.A3]:C(FactorB)[T.B2],3.381965893,1.080254466,0.002813184566,1.21618609,5.547745697
